абрикосовое варенье,г,150
абрикосовое пюре,г,242
абрикосовый джем,г,350
абрикосовый сок,стакан,177
абрикосы,г,215
абрикосы консервированные,г,346
авокадо,по вкусу,174
агава сироп,г,257
агар-агар,г,341
аграм,г,297
аджика,г,113
аджика зеленая,г,148
айва,по вкусу,340
айвовое пюре,г,146
айран,г,252
айсинг,г,169
акула стейки,г,310
алкоголь,стакан,289
алкоголь крепкий,ст. л.,286
алыча,г,254
альбухара,шт.,186
альмехи,г,264
амарантовая мука,г,102
ананасовый сироп,г,233
ананасовый сок,г,267
ананасы,г,345
ананасы вяленые,г,117
ананасы консервированные,по вкусу,120
анис,по вкусу,285
анис звездочки,г,317
анисовый ликер,мл,214
анис семена,г,233
анчоусы,г,312
апельсиновая вода,г,223
апельсиновая цедра,г,314
апельсиновая эссенция,ч. л.,115
апельсиновое варенье,г,203
апельсиновые цукаты,г,228
апельсиновый джем,г,272
апельсиновый джем с имбирем,г,92
апельсиновый ликер,г,200
апельсиновый сироп,стакан,341
апельсиновый сок,по вкусу,130
апельсиновый сок свежевыжатый,г,104
апельсиновый уксус,ст. л.,157
апельсиновый экстракт,ч. л.,173
апельсины,г,87
апельсины красные,шт.,171
апельсины крупные,шт.,177
арахис,г,128
арахис жареный,г,235
арахисовая паста,г,161
арахисовое масло,г,332
арахис соленый,г,179
арбузная мякоть,г,286
арбузы,г,205
аргановое масло,г,152
аришта,г,196
ароматизатор,г,334
"ароматизатор ""ананас""",по вкусу,340
"ароматизатор ""вишня""",капля,338
"ароматизатор ""малина""",капля,114
"ароматизатор ""ром""",г,249
артишоки,г,308
артишоки в масле,г,276
артишоки маринованные,г,190
аспирин,шт.,205
ассорти мясное,г,266
ассорти овощное,г,230
ассорти фруктовое,г,229
ассорти ягодное,г,346
аши,г,180
багет,г,275
багет вчерашний,г,331
багет мини,г,323
бадан,звездочка,136
бадьян,щепотка,253
базилик лимонный,г,182
базилик свежий,г,178
базилик сушеный,г,272
базилик тайский,горсть,113
базилик фиолетовый,г,147
баклажаны,по вкусу,146
баклажаны мини,г,221
баклажаны тайские,г,336
балык,г,330
бальзам,г,83
бальзамический крем,стакан,218
бальзамический соус,ст. л.,325
бальзамический уксус,стакан,97
бальзам рижский черный,ст. л.,102
бамия,г,257
банановое пюре,г,119
банановые чипсы,горсть,314
банановый зеленый сироп,мл,304
банановый ликер,мл,332
бананы,г,338
бананы мини,г,177
барабулька,г,242
бараний ливер,г,96
бараний окорок на косточке,кусок,131
бараний фарш,г,294
баранина,г,200
баранки,г,125
бараньи антрекоты,кг,227
бараньи голяшки,шт.,339
бараньи потроха,кг,251
бараньи ребрышки,шт.,121
баранья лопатка,кг,91
баранья нога,г,177
баранья печень,г,323
барбарис,г,144
барбарис вяленый,ст. л.,238
барбарис молотый,г,116
бастурма,г,279
батат,г,115
батон,г,167
батончики шоколадные,г,85
безе,г,188
бекон,по вкусу,298
бекон варено-копченый,г,85
бекон сырокопченый,г,306
белорыбица,г,145
бирнель,мл,302
бисквик смесь готовая,пакет,325
бисквит,г,264
бисквитная крошка,г,294
бисквитный корж,г,136
бисквитный рулет,г,230
бисквит шоколадный,г,154
бифштекс,шт.,179
блинная мука,г,271
блины готовые,г,215
блины овсяные,шт.,227
бобовые ростки,г,180
бобы,г,297
бобы мунг пророщенные,г,185
бобы тонка,шт.,81
ботарга,г,289
брезаола,г,96
бренди,г,218
брокколи замороженная,г,272
брокколи свежая,г,170
брусника замороженная,г,191
брусника свежая,г,243
брусника сушеная,г,154
брусничное варенье,г,99
брусничный соус,г,167
брынза,по вкусу,292
брынза сербская,г,192
брюква,г,137
буженина,г,126
бузина сироп,ст. л.,144
букет гарни,пучок,350
булгур,г,226
булка,кусок,89
булка белая,г,91
булка сдобная,г,201
булочки,г,247
булочки белые черствые,г,120
булочки бриошь,шт.,290
булочки вчерашние,шт.,190
булочки для гамбургеров,шт.,141
булочки зерновые,шт.,97
булочки ржаные,кусок,100
булочки с кунжутом,шт.,320
бульон,г,350
бульонные кубики,г,156
бурбон,г,88
Буррата,г,282
буряк,г,349
бусинки кондитерские,ч. л.,155
бусинки кондитерские серебряные,по вкусу,98
бычий хвост,г,175
ванилин,г,234
ваниль в стручках,г,219
ванильная настойка,ст. л.,172
ванильная эссенция,г,267
ванильный порошок,г,297
ванильный сироп,г,117
ванильный экстракт,по вкусу,131
варенье,г,207
васаби,г,100
вафельная крошка,г,295
вафельные коржи,г,155
вафельные трубочки,г,256
вафли,г,261
вафли шоколадные,г,256
вермишель,г,153
вермишель яичная,г,175
вермут,г,88
вермут белый,г,239
вермут сухой,г,135
ветчина,г,312
ветчина вареная,г,222
ветчина варено-копченая,кусок,118
ветчина копченая,г,347
ветчина пармская,г,207
ветчина сырокопченая,г,199
вешенки,г,252
винегрет,г,96
винный камень,щепотка,254
винный уксус,г,268
винный уксус белый,г,93
винный уксус красный,ч. л.,204
винный уксус на чесноке,ч. л.,231
винный уксус на эстрагоне,ст. л.,214
вино белое,по вкусу,179
вино белое полусладкое,г,314
вино белое полусухое,г,150
вино белое сладкое,г,113
вино белое столовое,стакан,270
вино белое сухое,г,278
виноград,г,272
виноград без косточек,г,119
виноград белый,г,123
виноград изабелла,кг,322
виноградное желе,ст. л.,311
виноградные листья,г,282
виноградные листья маринованные,г,305
виноградные листья молодые,шт.,182
виноградный сок,г,266
виноградный сок осветленный,ч. л.,237
виноград синий,г,256
виноград черный,г,139
вино десертное,г,86
вино игристое сухое,г,238
вино красное,г,220
вино красное полусладкое,г,150
вино красное полусухое,г,229
вино красное сладкое,г,330
вино красное сухое,г,156
вино крепленое,г,179
вино розовое полусладкое,ст. л.,93
вино розовое полусухое,г,294
виски,г,157
витамин C в порошке,г,235
вишневая настойка,мл,300
вишневое варенье,г,232
вишневые листья,г,222
вишневый джем,г,211
вишневый ликер,по вкусу,194
вишневый сироп,стакан,219
вишневый сок,г,311
вишня,г,276
вишня вяленая,г,270
вишня замороженная,г,133
вишня засахаренная кондитерская,шт.,201
вишня коктейльная,г,332
вишня мараскино,шт.,273
"вишня, протертая с сахаром",г,120
вода,г,258
вода минеральная без газа,стакан,236
вода минеральная газированная,г,339
водка,г,127
водка анисовая,ч. л.,278
водоросли,г,279
вустерширский соус,г,160
галангал корень,долька,237
галеты,г,147
гамбургер,г,91
ганаш,г,135
гарам масала,г,136
гарнир,г,253
гаспачо,г,122
гвоздика,г,256
гвоздика молотая,по вкусу,119
герань листья,г,120
геркулес,г,276
глазурь,г,330
глазурь белая,г,293
глазурь готовая,по вкусу,328
глазурь черная,по вкусу,279
глазурь шоколадная белая,г,124
глутамат натрия,г,196
глюкоза,г,272
глюкоза сироп,г,234
говядина,г,164
говядина на кости,г,237
говяжий фарш,по вкусу,128
говяжий язык,г,300
говяжье сердце,по вкусу,262
говяжьи бифштексы,г,127
говяжьи голяшки,г,233
говяжьи легкие,г,296
говяжьи ребра,г,145
говяжьи стейки рибай,г,184
говяжья вырезка,шт.,133
говяжья грудинка,кг,159
говяжья лопатка,г,295
говяжья мозговая кость,шт.,87
говяжья мякоть,кг,326
говяжья печень,шт.,132
говяжья черева,г,248
говяжья шейка,кг,169
годжи,г,287
голец филе,шт.,94
голубика,г,118
голубика замороженная,г,115
голубь,г,272
горбуша,по вкусу,118
горбуша в собственном соку,банка,247
горбуша филе,г,272
горгонзола,г,244
горгонзола пиканте,г,80
горох,г,245
горох колотый,г,247
гороховые ростки,горсть,155
гороховый суп,г,214
горошек зеленый,г,294
горошек зеленый замороженный,г,268
горошек зеленый консервированный,г,83
горошек стручковый свежий,г,295
горчица,г,107
горчица дижонская,г,264
горчица дижонская с медом,г,101
горчица желтая семена,г,311
горчица острая,г,233
горчица русская,ст. л.,265
горчица семена,г,180
горчица с зернами,г,123
горчица сухая,г,107
горчица французская,г,168
горчица цитрусовая,г,204
горчичное масло,г,267
горчичный порошок,г,232
грана падано,ст. л.,101
гранатные зерна,г,312
гранатовая паста,ст. л.,302
гранатовый сироп,г,174
гранатовый сок,г,214
гранатовый сок свежевыжатый,мл,303
гранатовый соус,ч. л.,251
гранаты,г,239
гранита,г,278
гранола с орехами,г,202
граппа,ч. л.,283
гратен,кг,310
грейпфрутовая цедра,г,120
грейпфрутовый сок,г,203
грейпфруты,г,233
грейпфруты розовые,г,153
гренадин,г,219
гренки,г,215
грецкие орехи,г,330
грецкие орехи рубленые,г,286
гречневая крупа,г,157
гречневая крупа зеленая,ст. л.,215
гречневая лапша соба,г,346
гречневая мука,г,323
гречневое молоко,стакан,139
гречневые хлопья,г,194
грибы,г,124
грибы белые,г,184
грибы белые замороженные,г,153
грибы белые маринованные,г,301
грибы белые сухие,г,283
грибы замороженные,г,149
грибы замороженные (опята и маслята),г,87
грибы лесные,г,137
грибы маринованные,г,281
грибы свежие,г,282
грибы соленые,г,273
грибы соломенные консервированные,шт.,311
грибы сухие,г,157
грибы шиитаке,г,256
грибы шиитаке сухие,г,136
гриль,г,151
гриссини,г,277
грудинка,г,181
грудинка варено-копченая,г,203
грудинка копченая,по вкусу,81
грушевое пюре,г,215
грушевый ликер,мл,333
грушевый сироп,мл,88
грушевый сок,г,238
грушевый уксус,ст. л.,273
груши,по вкусу,289
груши вяленые,г,344
грюйер,г,201
гуава,шт.,343
гуанчиале,г,186
гурьевская каша,г,93
гусиная грудка копченая,г,187
гусиная печень,г,335
гусиный жир,ст. л.,153
гусь,г,279
гусь тушка,кг,206
дайкон,г,80
детское питание,г,330
джем,г,137
джин,г,240
джусай,г,204
диоксид титана,г,242
долма,г,145
дорада,шт.,161
дорада потрошеная с головой,шт.,325
дорада с головой,шт.,191
дорада тушка,шт.,329
драже,г,309
дрожжи домашние,г,336
дрожжи свежие,г,210
дрожжи сухие,по вкусу,136
дубовая кора,г,310
душица,г,303
дыня,г,109
ежевика,г,244
ежевика замороженная,г,319
ерш,г,269
ёрш-носарь,шт.,302
желатин,г,239
желатин листовой,по вкусу,126
желе,г,221
желе для торта,упаковка,135
желирующее вещество,упаковка,148
желирующий сахар,г,238
женьшень,г,211
жидкий дым,г,242
жимолость,г,263
жир,г,318
жир вытопленный,стакан,98
жир кулинарный,г,94
жир растительный,г,314
заатар,щепотка,307
завтрак сухой,г,114
завтрак сухой подушечки,г,283
загуститель для сливок,г,232
зайчатина,г,234
закваска,пакет,219
закваска вечная,г,142
заменитель сахара,по вкусу,269
заменитель сахара стевия,г,339
заправка для салатов готовая,г,163
зверобой,по вкусу,324
зелень,г,293
зелень рубленая,г,115
земляника,по вкусу,107
земляника замороженная,г,128
зефир,г,158
зира,г,277
злаковые хлопья,г,306
зубатка,г,200
зубатка филе,г,198
изолят соевого протеина,г,114
изюм,г,142
изюм без косточек,г,178
изюм белый,г,207
изюм черный,г,93
икра,г,123
икра вяленой рыбы,г,110
икра горбуши зернистая,г,328
икра красная,г,150
икра красной рыбы мелкая,г,157
икра летучей рыбы,г,162
икра лосося,г,169
икра мойвы,г,94
икра палтуса,г,155
икра судака,г,268
икра черная,г,330
имбирное варенье,г,254
имбирное печенье,по вкусу,310
имбирные цукаты,ст. л.,341
имбирь,г,217
имбирь засахаренный,г,97
имбирь корень,г,229
имбирь маринованный,г,118
имбирь молотый,г,195
индейка,г,264
индейка голень,г,295
индейка грудка,г,304
индейка копченая,г,214
индейка тушка,шт.,155
индейка фарш,г,234
индейка филе,г,147
индоутка,шт.,311
индюшачья печень,г,280
инжир,г,167
инжир свежий,г,169
инжир сушеный,г,259
ирга,г,329
ириски,г,323
итальянские травы,г,119
йогурт,г,174
йогурт греческий,г,274
йогурт жирный,г,237
йогурт козий,г,308
йогурт натуральный,г,190
йогурт нежирный,г,104
йогурт обезжиренный,г,261
йогурт фруктовый,г,108
кабачки,г,232
кабачки замороженные,г,310
кабачки молодые,г,255
каджунская смесь специй,ст. л.,114
какао,горсть,300
какао-бобы,г,141
какао-масло,г,122
какао-порошок,по вкусу,232
какао-порошок обезжиренный,г,221
какао сгущенное,банка,207
калина,по вкусу,243
калина протертая,г,291
калинджи семена,ч. л.,89
кальвадос,г,146
кальмары,г,299
кальмары вареные,г,297
кальмары замороженные,г,116
кальмары консервированные,г,99
кальмары филе,шт.,284
камамбер,упаковка,120
камбала,г,261
камбала филе,г,129
кампари,мл,198
кандурин золотой,ч. л.,289
каннеллони,г,334
капеллини,г,341
каперсы,г,214
каперсы в винном уксусе,г,169
каперсы маринованные,г,181
капуста белокочанная,г,281
капуста брюссельская,г,134
капуста брюссельская замороженная,г,158
капуста кале,г,271
капуста квашеная,по вкусу,102
капуста кольраби,г,145
капуста краснокочанная,г,242
капуста морская,по вкусу,174
капуста морская замороженная,г,178
капуста морская сушеная,г,167
капуста пекинская,г,334
капуста савойская,г,161
капуста цветная,г,197
капуста цветная замороженная,г,100
капустный рассол,г,209
капучино,г,267
каракатица,г,297
каракатица очищенная,г,156
карамбола,г,141
карамель,мл,149
карамельный соус,г,100
карамель с начинкой,г,171
карамель соленая,г,350
карась,г,219
карбонад,г,341
кардамон,г,274
кардамон зерна,ч. л.,214
кардамон молотый,г,345
кардамон стручки,шт.,350
каркаде,г,319
карп,г,214
карп зеркальный,кг,330
карп филе,кг,343
карри,г,215
карри листья,г,330
карри паста,пакет,136
картофель,г,229
картофель вареный,г,258
картофель вареный в мундире,г,218
картофель молодой,г,91
картофельное пюре,по вкусу,210
картофельные ньокки,г,189
картофельные хлопья,г,171
картофельные чипсы,г,185
картофельный крахмал,г,168
картофельный отвар,г,297
картофельный хэш замороженный,г,152
картофель печеный,г,259
катык,г,161
каффир-лайм листья,по вкусу,187
каша,г,308
каша для детского питания,г,240
каштановая мука,г,178
каштановый крем,г,232
каштаны,г,259
каштаны вареные,г,335
каштаны консервированные,г,286
каштаны очищенные,г,291
квас,г,272
квасное сусло,г,94
квасной концентрат сухой,упаковка,134
квас хлебный,г,119
кедровая мука,г,171
кедровые орехи,г,108
кедровые орехи жареные,г,131
кета,г,127
кетчуп острый,по вкусу,235
кетчуп томатный,г,166
кетчуп тосканский,ст. л.,299
кетчуп шашлычный,г,221
кефаль,г,262
кефир,по вкусу,215
кефир 1%,г,342
"кефир 2,5%",г,296
"кефир 3,2%",г,189
кефир обезжиренный,г,179
кешью,г,345
кивано,г,287
киви,кг,293
киви желе,г,301
кижуч,г,252
кижуч горячего копчения филе,г,163
кизил,г,266
килька,г,256
кимчи,г,306
кинза свежая,зубчик,247
кинза сушеная,г,211
киноа,г,289
киноа молотая,г,328
кипяток,г,219
кирш,ст. л.,308
кисель,г,254
кисель сухой,г,181
кисломолочный напиток Тан,мл,191
кишки,г,157
клейковина,г,319
клементины,г,144
кленовый сироп,г,336
клубника,г,116
клубника в сиропе,г,165
клубника замороженная,г,252
"клубника, протертая с сахаром",г,331
клубника сушеная,г,207
клубничное варенье,г,201
клубничное желе,упаковка,296
клубничное пюре,г,257
клубничный джем,г,286
клубничный джем густой,мл,324
клубничный компот,стакан,289
клубничный ликер,г,203
клубничный сироп,г,259
клюква,г,93
клюква вяленая,г,341
клюква замороженная,г,267
"клюква, протертая с сахаром",г,190
клюквенное варенье,г,82
клюквенный джем,г,90
клюквенный морс,ст. л.,176
клюквенный сироп,г,159
клюквенный соус,г,89
козлиная печень,г,253
козлятина молодая,кг,269
кока-кола,ст. л.,126
кокосовая вода,стакан,150
кокосовая мука,ст. л.,147
кокосовая стружка,г,179
кокосовая стружка цветная,г,332
кокосовое масло,мл,120
кокосовое молоко,г,222
кокосовые сливки,г,274
кокосовый ликер,ст. л.,272
кокосовый экстракт,г,209
кокосы,г,99
кола,г,197
колбаса,г,292
колбаса вареная,г,84
колбаса варено-копченая,г,344
колбаса копченая,г,163
колбаса кровяная,г,135
колбаса полукопченая,г,149
колбаса сырокопченая,г,291
колбаска свиная свежая (salsiccia),шт.,128
колбаски,г,330
колбаски для жарки,г,287
колбаски домашние,шт.,186
колбаски охотничьи,г,260
колбаски сырокопченые,шт.,305
компот,г,243
конопляное масло,ст. л.,168
конопля семена,г,143
конфеты,по вкусу,133
конфеты M&M’s,г,110
конфеты жевательные лакричные,г,300
конфеты Коровка,г,118
конфеты Трюфель,г,118
конфитюр,по вкусу,107
конфитюрка,упаковка,217
коньяк,г,343
копчености,г,234
коренья,по вкусу,238
кориандр,г,96
кориандр зелень,г,232
кориандр молотый,г,326
кориандр семена,г,252
коринка,ст. л.,251
корица,г,122
корица молотая,г,214
корнишоны,г,169
корнишоны маринованые,г,327
корюшка,г,202
корюшка горячего копчения,г,307
кости,г,108
кости мозговые,г,237
кость сахарная,г,339
кофе в зернах,стакан,80
кофе зеленый,г,100
кофейные зерна в шоколаде,г,146
кофейный ликер,г,328
кофейный ликер Kahlua,мл,300
кофейный напиток,мл,349
кофейный сироп,г,127
кофейный экстракт,мл,159
кофе молотый,ст. л.,252
кофе растворимый,г,95
кофе свежесваренный,г,217
кофе черный,г,331
кофе эспрессо,стакан,183
крабовое мясо,г,116
крабовые палочки,по вкусу,324
краб снежный,по вкусу,298
крабы,г,253
крапива,г,247
краситель-гель пищевой,шт.,121
краситель пищевой,г,95
краситель пищевой вишневый,щепотка,230
краситель пищевой желтый,г,252
краситель пищевой зеленый,ст. л.,90
краситель пищевой красный,г,99
краситель пищевой оранжевый,г,169
краситель пищевой фиолетовый,г,268
краситель пищевой черный,г,122
красная смородина,г,343
"красная смородина, протертая с сахаром",ст. л.,95
красноперка,шт.,234
красносмородиновое варенье,г,289
красный винный соус,г,196
крахмал,г,289
креветки,г,143
креветки замороженные,г,256
креветки королевские,г,189
креветки очищенные,г,263
креветки очищенные в рассоле,г,86
креветки салатные,г,126
креветки сушеные,г,295
креветки тигровые,г,176
крекер,г,190
крекер соленый,г,130
крем заварной,г,165
крем заварной порошковый,г,342
крем-фреш,г,144
кресс-салат,г,330
кровь,мл,87
кролик,г,246
кролик тушка,г,217
кролик филе,г,289
кроличья печень,г,126
круассаны,по вкусу,343
крутоны мелкие,г,331
крыжовник,г,209
крыжовниковое варенье,банка,281
кукуруза,г,323
кукуруза замороженная,г,218
кукуруза консервированная,г,181
кукуруза обжаренная кикос,г,345
кукурузная крупа,г,81
кукурузная мука,г,212
кукурузное масло,г,168
кукурузные лепешки,шт.,316
кукурузные палочки,г,222
кукурузные хлопья,г,161
кукурузные хлопья глазированные,г,267
кукурузные чипсы,г,205
кукурузный (золотой) сироп,г,287
кукурузный крахмал,по вкусу,315
кумин,г,139
кумкваты,горсть,313
кунжут,г,104
кунжутная мука,г,121
кунжутная паста,г,299
кунжутное масло,г,111
кунжутные семечки,по вкусу,174
кунжут черный,ч. л.,335
купаты,шт.,252
курага,по вкусу,271
курдючное сало,г,302
курдючный жир,г,287
куриная ветчина,г,334
куриная кожа,г,100
куриная печень,г,289
куриное карпаччо,г,292
куриное филе,г,137
куриные бедра,г,278
куриные голени,г,320
куриные голени копченые,шт.,172
куриные грудки,г,335
куриные грудки вареные,г,101
куриные грудки копченые,г,136
куриные желудочки,шт.,185
куриные кости,г,327
куриные крылья,г,173
куриные окорочка,г,242
куриные окорочка копченые,г,196
куриные потрошки,г,323
куриные сердечки,г,279
куриный бульон,г,137
куриный паштет,г,283
куриный суповой набор,кг,266
куриный фарш,г,261
курица,г,168
курица вареная,г,155
курица для жарки,кг,144
курица копченая,г,107
курица тушка,г,255
куркума,г,347
куропатки,г,117
кускус,г,109
кускус жемчужный,стакан,107
кэроб,г,137
лаванда,г,108
лаванда сушеная,щепотка,192
лавандовый краситель,ч. л.,156
лаваш,по вкусу,175
лаваш армянский,г,333
лаваш персидский круглый,г,285
лаваш тонкий,пласт,329
лавровые листья свежие,шт.,229
лавровый лист,г,264
лайм,г,252
лайм листья,шт.,230
лаймовая цедра,г,332
лаймовый сок,г,210
лангустины,шт.,289
лапша,г,301
лапша для лагмана,упаковка,339
лапша ширатаки,г,264
лапша яичная в гнездах,шт.,214
латук,г,303
легкие,г,99
лед,г,299
леди-фиш тушка,шт.,304
лемонграсс (лимонное сорго),г,157
лен семена,г,110
лепешки,г,133
лепешки арабские,шт.,205
лесные орехи,г,189
лечо,г,227
ливер,г,251
ликер,г,266
ликер Alchermes,г,152
ликер Amaretto,г,301
ликер Baileys,г,126
ликер Cointreau,г,163
ликер кремовый,г,162
ликер сливочный,г,254
лимонад,г,176
лимонная кислота,г,322
лимонная цедра,г,108
лимонник стебель,г,223
лимонник ягоды,г,299
лимонные корочки засахаренные,г,93
лимонные цукаты,г,236
лимонный сок,г,251
лимонный уксус,г,320
лимонный экстракт,г,257
лимончелло,г,241
лимоны,г,167
лингвине,шт.,211
лисички,г,133
лисички сушеные,г,276
личи,шт.,237
личи компот,г,348
лобстер,г,251
лонган,г,97
лонгконг,шт.,268
лососевые молоки,г,95
лососевый фарш,г,92
лосось,г,347
лосось горячего копчения,г,142
лосось копченый,г,254
лосось свежесоленый,г,85
лосось свежий,г,294
лосось свежий филе,г,200
лосось слабосоленый,г,139
лосось стейки,г,308
лосось филе,г,120
лосось филе на коже,г,264
лосось холодного копчения,г,310
лосятина,кг,197
лук белый,по вкусу,102
лук зеленый,г,115
лук красный,по вкусу,253
лук маринованный,г,160
луковая шелуха,г,309
луковый порошок,г,244
лук-порей,горсть,103
лук-резанец,по вкусу,228
лук репчатый,г,91
лук репчатый мелкий,г,97
лук салатный,шт.,188
лук сушеный,г,122
лук-шалот,г,167
лук-шалот красный,шт.,186
льняная мука,г,121
льняное масло,ч. л.,180
льняное семя,г,287
льняное семя молотое,г,270
любисток,г,215
маасдам,г,212
мадера,г,124
майонез,г,233
майонез домашний,г,261
майонез легкий,г,248
майонезный соус «Слобода» Постный,г,304
майонез оливковый,г,184
майонез «Слобода» Легкий,г,117
майонез «Слобода» На перепелиных яйцах,г,345
майонез «Слобода» Оливковый,г,179
майонез «Слобода» Провансаль,г,245
майонез «Слобода» С лимонным соком,г,191
майонез «Слобода» Сметанный,г,114
майоран,г,298
майоран свежий,по вкусу,295
майоран сушеный,г,287
мак,г,198
макаронные изделия,г,226
макаронные изделия мелкие,г,128
макароны,г,266
макароны-бабочки (farfalle),г,88
макароны-бабочки (farfalle) мини,г,80
макароны баветте,г,120
макароны-бантики,г,137
макароны букатини,г,220
макароны джильи,г,306
макароны диталони,г,226
макароны-звездочки,стакан,243
макароны орзо,г,88
макароны-ракушки (conchiglie),г,94
макароны-ракушки (conchiglie rigate),г,122
макароны-ракушки крупные,г,199
макароны рисони,г,240
макароны-рожки (pipe rigate),г,217
макароны-спиральки (fusilli),г,185
макароны-ушки (orecchiette),г,201
маккерончини,г,267
мак молотый,г,310
маковая масса,пачка,152
малина,г,290
малина замороженная,г,94
"малина, протертая с сахаром",стакан,330
малина сушеная,г,167
малиновое варенье,г,335
малиновое желе,г,90
малиновое пюре,г,280
малиновый джем,г,183
малиновый крем,г,178
малиновый сироп,ч. л.,155
малиновый соус,ч. л.,163
малиновый уксус,мл,239
малиновый чай,г,295
манго,по вкусу,211
манговый сироп,мл,94
манго консервированное,г,302
мангольд,г,254
мангустин,шт.,187
мандариновое пюре,г,107
мандариновые цукаты,г,181
мандариновый сок,г,189
мандарины,по вкусу,127
мандарины в собственном соку,г,126
манная крупа,г,287
маракуйя,г,331
маргарин,г,142
маргарин сливочный,г,166
мармелад,по вкусу,292
мармелад бутербродный,г,275
марсала,стакан,280
мартини,г,204
мартини красный,г,136
марципан,по вкусу,107
марципан зеленый,г,144
марципан розовый,г,332
маршмеллоу,г,309
маршмеллоу крем,г,197
маршмеллоу мини,г,105
маскарпоне,г,103
маслины,г,266
маслины без косточек,г,100
масло авокадо,г,172
масло виноградных косточек,г,233
масло грецкого ореха,ч. л.,257
масло для фритюра,г,120
масло кедрового ореха,г,244
маслята,г,344
мастика,г,88
мастика желатиновая,г,147
мастика шоколадная,г,270
матча,г,225
мафальдине,г,158
маца,г,272
мацони,г,177
маш,г,239
мед,г,236
мед акации,г,106
мед гречишный,г,99
мед жидкий,г,119
мед лавандовый,г,321
мелисса,г,196
меренги,шт.,243
мидии,г,217
мидии в раковинах,г,265
мидии в раковинах крупные черные,г,170
мидии в раковинах мелкие зеленые,г,310
мидии замороженные,шт.,218
мидии копченые в масле,г,84
микрозелень,горсть,202
миндаль,г,334
миндаль жареный,г,155
миндаль измельченный,г,229
миндальная масса,г,214
миндальная мука,г,149
миндальная паста,г,279
миндальная эссенция,г,126
миндальное масло,г,323
миндальное молоко,г,109
миндальное печенье,г,252
миндальное пралине,г,299
миндальные лепестки,г,251
миндальный ликер,г,312
миндальный сироп,г,189
миндальный экстракт,капля,132
миндаль очищенный,г,114
миндаль рубленый,г,142
мини-кукуруза,шт.,300
минога,г,207
минтай,г,317
минтай печень,г,80
минтай филе,г,296
мисо-паста,г,300
мисо-суп,пакет,259
можжевельник ягоды,г,279
мойва,г,84
моллюски,г,218
молоко,г,331
"молоко 0,5%",г,138
"молоко 1,5%",г,199
"молоко 2,5%",г,96
"молоко 3,2%",г,200
"молоко 3,6%",г,314
молоко 4%,г,152
молоко 6%,г,345
молоко козье,г,334
молоко концентрированное,г,129
молоко рисовое,мл,208
молоко сгущенное,г,347
молоко сгущенное вареное,ст. л.,324
молоко сгущенное с какао,г,322
молоко сухое,г,216
молоко сухое обезжиренное,ст. л.,228
молоко топленое,г,188
молочная смесь,г,330
молочные продукты,г,341
морепродукты,шт.,110
морковное пюре,г,250
морковь,г,311
морковь вареная,г,345
морковь крупная,г,166
морковь молодая,г,166
морковь по-корейски,г,301
морковь тертая,шт.,306
мороженое,по вкусу,264
мороженое ванильное,г,81
мороженое клубничное,г,185
мороженое лимонное,по вкусу,173
мороженое малиновое,г,125
мороженое пломбир,г,309
мороженое шоколадное,мл,194
морошка,г,153
морские гребешки,кг,104
морской коктейль,г,267
морской коктейль в масле,упаковка,192
морской коктейль замороженный,г,342
морской черт,г,129
морской язык,г,103
морской язык филе,г,101
мортаделла,г,268
моцарелла,г,246
моцарелла для запекания,г,260
моцарелла для пиццы,г,218
моцарелла мини,г,96
моцарелла с травами,г,196
моцарелла шарик большой,г,245
мука,г,262
мука 1 сорт,г,199
мука 2 сорт,г,247
мука «Аладушкин»,г,121
мука грубого помола,г,108
мука для темпуры,г,218
мука из пророщенной пшеницы,ст. л.,257
мука манитоба,г,334
мука самоподнимающаяся,г,344
мука с отрубями,ч. л.,203
мука с семечками,г,266
мука хлебопекарная,г,254
мука цельнозерновая,г,117
мускат белый,мл,245
мускатное вино,г,312
мускатный орех,г,182
мускатный орех молотый,г,290
мюсли,г,196
мягкий творог,г,99
мясной бульон,г,85
мясной фарш,г,268
мясо,г,83
мясо дикого кабана,г,323
мясо криля,г,264
мясо на косточке,кг,319
мята,г,171
мята сушеная,г,240
мятный сироп,г,264
мятный шнапс,г,331
нардек,г,259
нектарины,шт.,288
нога ягненка без кости,г,295
нори,г,308
нуга,г,329
нуга с орехами,г,255
нут,г,332
нутелла,г,317
нут консервированный,г,99
нутовая мука,г,135
облепиха,г,334
облепиха замороженная,г,124
облепиховый сироп,стакан,205
овощи,г,337
овощная смесь,г,215
овощная смесь замороженная,г,110
овощная смесь замороженная для wok,г,221
овощная смесь по-китайски,г,97
овощной бульон,по вкусу,137
овсяная мука,г,99
овсяное молоко,стакан,288
овсяное печенье,г,175
овсяное толокно,г,113
овсяные зерна,г,293
овсяные отруби,г,200
овсяные хлопья,г,285
овсяные хлопья быстрого приготовления,г,170
огуречный рассол,стакан,217
огурцы,г,107
огурцы консервированные,шт.,132
огурцы малосольные,шт.,172
огурцы маринованные,банка,172
огурцы свежие,г,224
огурцы соленые,г,100
одуванчики,г,270
окорок,г,171
окорок варено-копченый,г,95
окунь,г,341
окунь красный филе,г,168
окунь морской,г,219
окунь морской филе,г,298
окунь филе,г,151
оленина,г,262
оливки,г,289
оливки без косточек,г,151
оливки зеленые,по вкусу,94
оливки зеленые консервированные,банка,290
оливки каламата,г,244
оливки консервированные,г,131
"оливки, фаршированные анчоусами",г,344
оливки черные,по вкусу,267
оливковая паста,г,350
оливковое масло,г,104
оливковое масло Extra Virgin,г,336
опунция плоды,г,300
опята,по вкусу,87
опята замороженные,г,275
опята маринованные,г,289
орегано,г,180
орегано свежий,г,180
орегано сушеный,г,262
орехи,г,132
орехи бразильские,г,231
орехи макадамия,г,264
орехи пекан,г,241
орехи пинии,г,287
ореховая крошка,стакан,315
ореховая паста,шт.,122
ореховое масло,ст. л.,286
ореховый ликер,мл,111
ореховый соус,ст. л.,179
осетр,г,147
осетрина холодного копчения,г,225
осьминог,г,137
осьминоги консервированные,г,282
осьминоги мини,г,161
отруби,г,139
ошеек,г,189
пагр,г,208
пажитник,г,119
пажитник семена,г,330
палтус,г,329
пальмовое масло,г,295
пангасиус,г,94
панеттоне,шт.,200
Панифарин,г,284
панчетта,г,236
папайя,г,248
папайя консервированная в собственном соку,г,263
папоротник,г,282
папоротник соленый,упаковка,307
паппарделле,г,171
паприка,г,318
паприка копченая,ст. л.,309
паприка красная,ст. л.,125
паприка красная молотая,г,145
паприка острая копченая,г,118
паприка сладкая,г,99
паприка сладкая копченая,г,174
паприка сладкая хлопьями,ч. л.,288
пармезан,г,211
паста,г,88
паста веджимайт,г,258
паста тахини,г,253
паста хариса,ст. л.,253
пастернак,г,197
пастила,г,92
пастила виноградная,г,349
патиссоны,г,180
патока,г,306
патока крахмальная,г,142
патока черная (меласса),г,286
пахта,г,86
паштет,г,252
пекарский порошок,г,346
пекарский порошок,ч. л.,246
пекорино,г,320
пектин,г,84
пеленгас,г,123
пельмени,г,335
пенне,г,103
пенне ригате,г,98
пеперончино,ч. л.,100
пеперончино молотый,щепотка,276
переводной лист для шоколада,шт.,180
перепелки,тушка,348
перец,г,133
перец белый,г,123
перец белый горошком,по вкусу,268
перец белый молотый,г,231
перец белый свежемолотый,ч. л.,204
перец болгарский,г,322
перец болгарский желтый,г,116
перец болгарский зеленый,г,84
перец болгарский красный,г,303
перец горошком,г,316
перец горошком смесь,г,201
перец душистый,щепотка,171
перец душистый горошком,г,129
перец душистый молотый,г,298
перец испанский острый,шт.,92
перец кайенский,г,198
перец кайенский красный,г,83
перец кайенский молотый,щепотка,299
перец красный,г,335
перец красный горошком,г,91
перец красный жгучий,г,150
перец красный молотый,г,230
перец красный острый,г,101
перец красный острый молотый,по вкусу,170
перец красный хлопьями,щепотка,182
перец лимонный,г,94
перец маринованный,г,276
перец острый,г,92
перец острый зеленый,шт.,183
перец острый молотый,щепотка,130
перец падрон,г,319
перец пеперони,г,196
перец пеперони красный,шт.,159
перец розовый горошком,г,174
перец свежемолотый смесь,г,256
перец сенегальский,по вкусу,234
перец сладкий,г,163
перец сладкий желтый,г,320
перец сладкий зеленый,г,239
перец сладкий красный,г,137
перец сладкий красный маринованный,шт.,161
перец сладкий красный молотый,г,246
перец сладкий оранжевый,г,222
перец сладкий сушеный,г,94
перец сычуаньский,г,187
перец халапеньо,г,124
перец халапеньо маринованный,шт.,175
перец черный,ст. л.,286
перец черный горошком,по вкусу,235
перец черный молотый,г,324
перец черный свежемолотый,г,185
перец чили,г,285
перец чили зеленый,стручок,105
перец чили красный,стручок,185
перец чили маринованный,по вкусу,200
перец чили молотый,г,274
перец чили сухой,ст. л.,348
перец чили хлопьями,по вкусу,134
перец ямайский,г,206
перловая крупа,г,137
перловая мука,г,155
персики,г,316
персики консервированные,г,150
персики сушеные,горсть,326
персиковое пюре,г,247
персиковый джем,г,257
персиковый мармелад,ст. л.,211
персиковый сироп,мл,91
персиковый сок,г,117
перцовая паста,ч. л.,230
петрушка,г,165
петрушка зелень,г,294
петрушка итальянская,пучок,304
петрушка корень,г,132
петрушка рубленая,г,201
петрушка сушеная,г,312
печень,г,201
печенье,по вкусу,314
печенье Oreo,г,210
печенье Амаретти,г,237
печенье бисквитное,г,310
печенье галетное,шт.,252
печенье «Дамские пальчики»,г,162
печенье песочное,г,348
печенье рассыпчатое,г,142
печенье Савоярди,г,337
печенье сахарное,г,321
печенье сладкое,г,159
печенье сухое,г,267
печенье шоколадное,г,107
печенье Юбилейное молочное,г,147
пиво,г,210
пиво имбирное,мл,203
пиво нефильтрованное,г,128
пиво светлое,г,264
пиво темное,банка,215
пикша,шт.,200
питы,по вкусу,295
повидло,г,270
подсолнечное масло,г,138
подсолнечные семечки,г,344
полба,г,96
полба недозрелая,г,223
полента,по вкусу,200
полента быстрого приготовления,стакан,249
помело,г,206
помидоры,г,216
помидоры бурые,г,93
помидоры вяленые,по вкусу,292
помидоры вяленые в масле,г,293
помидоры желтые,шт.,212
помидоры зеленые,кг,91
помидоры консервированные,г,332
помидоры консервированные в собственном соку,г,264
помидоры консервированные в собственном соку с базиликом,г,316
помидоры протертые пассата,г,312
помидоры соленые,шт.,174
помидоры сушеные хлопьями,г,212
помидоры черри,г,278
помидоры черри желтые,г,188
попкорн,г,179
поросенок,кг,185
портвейн,г,292
портобелло,г,250
портулак,г,210
посыпка кондитерская,по вкусу,332
почки,г,202
приправа 4 перца,г,330
приправа 5 специй (five spice),ч. л.,102
приправа для баранины,ст. л.,282
приправа для картофеля,г,127
приправа для курицы,г,114
приправа для макарон,по вкусу,258
приправа для маринования свинины,по вкусу,89
приправа для морепродуктов,по вкусу,229
приправа для мяса,г,101
приправа для паэльи,по вкусу,148
приправа для пиццы,ч. л.,131
приправа для плова,г,222
приправа для птицы,ст. л.,249
приправа для рыбы,г,318
приправа для салатов,по вкусу,288
приправа заатар,ч. л.,334
приправа креольская,ст. л.,294
приправа с сушеными грибами,ч. л.,163
приправы,г,170
прованские травы,г,289
проволоне,г,348
просекко,мл,159
простокваша,г,274
протеин сывороточный,г,264
прошутто,г,162
пряники,г,312
пряничные специи,г,269
пряности,г,204
псиллиум,г,305
птитим,г,110
пудинг,г,167
пудинг ванильный,г,201
пудинг ванильный инстант,упаковка,114
пудинг карамельный,г,333
пшеница,г,336
пшеничная крупа,г,115
пшеничная мука,г,261
пшеничная мука цельнозерновая,г,349
пшеничные зародыши,стакан,91
пшеничные отруби,г,169
пшеничные ростки,г,141
пшеничные хлопья,г,194
пшенные хлопья,ст. л.,266
пшено,г,297
пыльца цветочная,г,102
пюре,по вкусу,280
радиккио,шт.,260
разрыхлитель,г,303
раки,шт.,158
раковые шейки,г,277
раковые шейки в рассоле,г,129
рамбутан,г,304
рапаны,г,198
рапсовое масло,по вкусу,306
рассол,г,267
рассол от каперсов,ст. л.,326
рассол от оливок,ст. л.,132
растительное масло,г,274
растительное масло для жарки,г,96
растительное масло нерафинированное,стакан,197
растительное масло рафинированное,г,326
растительное молоко,стакан,176
ревень,г,316
реган,веточка,190
редис,г,131
редька,г,275
редька белая,шт.,155
редька зеленая,шт.,93
редька черная,шт.,218
репа,г,342
репа белая,шт.,332
ржаная закваска,г,151
ржаная закваска густая,г,227
ржаная мука,г,291
ржаные отруби,г,290
ригатони,г,148
рикотта,г,346
рикотта твердая,г,326
рис,г,103
рис арборио,г,338
рис басмати,г,97
рис бурый,г,153
рис бурый и дикий смесь,г,95
рис вареный,г,340
рис виола,г,163
рис девзира,г,109
рис дикий,г,312
рис дикий и золотистый смесь,г,192
рис длиннозерный,г,147
рис длиннозерный золотистый,г,173
рис для плова,г,315
рис для пудинга,г,245
рис для ризотто,г,166
рис для суши,г,216
рис жасминовый,г,336
рис золотистый,г,288
рис индика,г,329
рис италика,г,227
рис карнароли,г,194
рис красный,г,266
рис круглозерный,г,210
рис кубанский,г,264
рисовая бумага,г,102
рисовая лапша,г,91
рисовая мука,г,258
рисовое вино,ч. л.,162
рисовые хлопья,г,280
рисовые шарики воздушные,г,127
рисовый крахмал,ст. л.,192
рисовый уксус,по вкусу,236
рис пропаренный,г,180
рис пропаренный и дикий смесь,г,157
рис японика,г,338
рожь,г,230
розмарин,шт.,121
розмарин сушеный,по вкусу,212
розовая вода,г,218
розовые бутоны сушеные,г,261
розовые лепестки,г,257
розы,г,145
рокфор,г,327
ром,бутылка,81
ромашка сушеная,г,298
ромовый экстракт,ч. л.,203
ром темный,г,303
ростбиф,г,143
рукола,г,313
рулька,по вкусу,263
рыба,г,182
рыба белая,г,348
рыба белая филе,г,282
рыба консервированная,банка,137
рыба копченая,г,272
рыба копченая филе,г,314
рыба красная,г,226
рыба красная соленая,г,159
рыба красная филе,г,227
рыба-меч,г,343
рыба морская,г,165
рыба солнечник филе,шт.,337
рыба-соль,тушка,197
рыбное филе,г,219
рыбные консервы,г,169
рыбные кости,г,311
"рыбные обрезки, головы, плавники",по вкусу,259
рыбный бульон,г,345
рыбный соус,г,142
рыбный соус Nam Pla,г,227
рыбный соус тайский,г,221
рыбный фарш,г,227
рябина черноплодная,г,229
рябчик,г,302
ряженка,г,256
ряженка 4%,г,179
сайда,г,190
сайда филе,г,290
сайра,г,293
сайра консервированная,банка,238
саке,ст. л.,260
салака,г,221
салат,г,168
салат айсберг,г,115
салат китайский,г,242
салат корн,пучок,104
салат кочанный,г,249
салат кучерявый,г,155
салат листовой,г,336
салатный микс,г,171
салат романо,г,156
салат фриссе,г,275
сало,г,157
сало копченое в перце,г,161
сало копченое с мясными прослойками,г,191
сало с мясными прослойками,г,194
сальник,г,170
сальса,г,193
сальса верде,ч. л.,90
салями,г,306
салями итальянская,г,162
сардельки,г,243
сардельки копченые,г,280
сардинки маленькие,шт.,184
сардины,г,211
сардины в масле,банка,120
сахар,г,252
сахар ванильный,г,289
сахар демерара,г,164
сахар жемчужный,г,164
сахар коричневый,г,310
сахар коричневый крупнокристаллический,г,204
сахар мусковадо,горсть,176
сахарная пудра,г,239
сахарная пудра апельсиновая,г,282
сахарная пудра ванильная,г,255
сахарные жемчужинки,г,85
сахарные кондитерские украшения,горсть,311
сахарный песок,г,87
сахарный песок крупный,г,181
сахарный песок мелкий,г,203
сахарный сироп,г,292
сахар пальмовый,г,212
сахар-рафинад,г,309
сахар-рафинад с корицей,г,177
сахар тростниковый,г,345
сванская соль,г,144
свекла,г,180
свекла вареная,г,192
свекольная ботва,г,150
свекольные листья,г,341
свиная вырезка,г,230
свиная голова,г,156
свиная грудинка,г,229
свиная корейка,г,153
свиная корейка копченая,г,271
свиная корейка на кости,г,145
свиная лопатка варено-копченая,г,262
свиная мякоть,г,211
свиная пашина,кг,293
свиная печень,г,163
свиная рулька,по вкусу,233
свиная рулька варено-копченая,г,283
свиная рулька копченая,г,137
свиная шейка,кусок,309
свинина,г,342
свинина вареная,г,112
свинина нежирная,г,92
свинина с жирком,г,193
свиное сердце,г,100
свиное филе,г,292
свиной подчеревок,г,286
свиной фарш,г,168
свиной язык,г,171
свиные котлеты на косточке,шт.,165
свиные легкие,г,267
свиные ножки,г,343
свиные отбивные,г,151
свиные отбивные на косточке,г,266
свиные ребра,г,314
свиные уши,шт.,321
свиные щечки,шт.,169
свити,г,216
сельдерей,г,106
сельдерей зелень,г,170
сельдерей корень,г,201
сельдерей корень сушеный,по вкусу,313
сельдерейная соль,г,237
сельдерей семена,ч. л.,194
сельдерей стебли,г,316
сельдь,г,114
сельдь слабосоленая,г,99
сельдь соленая,шт.,257
сельдь филе,г,316
семга,г,163
семга копченая,г,283
семга свежая,г,241
семга соленая,г,142
семга филе на коже,г,121
семечки,г,161
семечки смесь,ст. л.,103
семолина,г,254
сервелат варено-копченый,г,239
сибас,г,157
сидр,г,129
сироп,г,152
сироп от консервированных груш,г,256
сироп от консервированных персиков,ст. л.,274
сироп топинамбура,стакан,151
скумбрия,по вкусу,203
скумбрия свежая,г,170
скумбрия филе,г,164
скумбрия холодного копчения,г,108
сливки,упаковка,208
сливки 10-20%,г,110
сливки 15%,г,174
сливки 20%,г,178
сливки 33-35%,г,180
сливки жирные,г,238
сливки кондитерские,г,338
сливовая паста,г,189
сливовое варенье,г,180
сливовое вино,г,279
сливовый джем,г,89
сливовый ликер,ст. л.,81
сливовый соус,г,276
сливочное масло,г,345
сливы,кг,259
сливы замороженные,г,329
смалец,г,143
смесь для кекса,шт.,88
смесь для оладий,г,168
смесь для хлеба 8 злаков,г,327
сметана,г,317
сметана 10%,г,160
сметана 15%,ч. л.,346
сметана 18%,г,128
сметана 20%,г,283
сметана 25%,г,249
сметана 30%,г,81
сметана 35%,г,289
сметана жирная,г,142
сметана нежирная,г,212
сметана некислая,г,282
смородина сушеная,г,308
смородиновые листья,г,221
сморчки сухие,г,344
снежок,л,294
сныть,г,137
сода,г,238
соевая мука,г,144
соевое масло,г,347
соевое молоко,г,243
соевые ростки,г,286
соевый соус,г,197
сок,г,228
сок из красных апельсинов,мл,93
сок мультивитаминный,мл,143
сок юзу,мл,306
солод,ч. л.,335
солод жидкий,г,301
солодовый экстракт,г,159
солод темный,г,88
соломка,г,90
соль,г,329
соль гималайская,г,337
соль крупного помола,г,195
соль морская,г,267
сом филе,г,294
сосиски,г,285
сосиски из куриного фарша,шт.,227
сосиски копченые,г,93
соус,г,263
соус black bean,ст. л.,229
соус sambal oelek,ч. л.,111
соус барбекю,г,174
соус краснодарский,г,324
соус красный острый,г,136
соус мирин,по вкусу,270
соус наршараб,г,340
соус острый,г,273
соус песто,по вкусу,221
соус сацебели,г,242
соус табаско,капля,88
соус терияки,г,89
соус ткемали,стакан,144
соус ткемали благородный,г,185
соус ткемали ранний,ст. л.,226
соус устричный,ч. л.,285
соус чили,г,100
соус чили сладкий,ч. л.,119
соус экзотический,г,114
соя,г,240
спагетти,г,221
спагетти № 3,г,262
спагетти № 5,г,86
спагетти лунги,г,103
спаржа,кг,255
спаржа белая,г,331
спаржа зеленая,г,208
спаржа молодая,г,234
спек,г,265
спельта,стакан,156
спельтовая (полбяная) мука,г,258
специи,г,232
спирт,г,296
спирулина порошок,г,265
спред,г,254
ставрида,г,140
стейк семги,шт.,278
стейк семги,г,162
стеклянная лапша,г,253
страчателла,г,97
судак,г,122
судак филе,г,114
судак филе на коже,г,330
сулугуни,г,335
сулугуни копченый,г,234
сумах,г,350
суповой набор,г,210
сухари,по вкусу,226
сухари белые,г,304
сухари молотые,г,252
сухари панировочные,г,254
сухари ржаные,г,194
сухарная крошка,г,245
сухофрукты,г,118
сухофрукты тропические,по вкусу,112
сушки,г,145
сыворотка,г,269
сыр,г,334
сыр tete de moine,г,156
сыр Австрия блю,г,81
сыр адыгейский,г,328
сыр бри,г,245
сыр буко,г,278
сыр гауда,г,190
сыр гойя,г,187
сыр голландский,г,285
сыр голубой,г,319
сыр гравьера,г,122
сыр джугас,г,226
сыр домашний,г,114
сыр дорблю,г,208
сыр имеретинский,г,340
сыр кефалотири,г,280
сырки творожные,г,299
сыр козий мягкий,г,248
сыр козий твердый,г,286
сыр колбасный,г,200
сыр копченый,г,101
сыр коттедж,г,111
сыр Маскарпоне,г,347
сыр мраморный,г,100
сыр мягкий,по вкусу,128
сыр овечий,г,185
сыр панир,г,306
сыр пеше миньон,г,150
сыр плавленый,г,150
сыр плавленый шоколадный,г,210
сыр пластинками,г,131
сыр полутвердый,г,106
сыр провола,г,89
сыр российский,г,106
сыр скаморца,г,230
сыр скаморца копченый,г,268
сыр сливочный,г,114
сыр с плесенью,г,88
сыр с плесенью мягкий,г,277
сыр твердый,г,323
сыр филадельфия,г,232
сыр фонтина,г,143
сыр хаварти,г,305
сыр швейцарский,г,168
сычужный фермент,ч. л.,277
таледжо,г,217
тальолини,г,268
тальятелле,г,182
тальятелле-гнезда,шт.,275
тамаринд,шт.,157
тамариндовая паста,ч. л.,341
тапиока,г,141
тарталетки,по вкусу,293
тартар,ст. л.,187
тархун,г,102
творог,г,130
творог 18%,г,238
творог 2%,г,329
творог 5%,г,306
творог 9%,г,157
творог жирный,г,237
творог зерненый,г,265
творог обезжиренный,г,179
творожная масса,г,83
творожная паста,г,207
творожный сыр,г,258
творожный сыр соленый,г,249
творожок клубничный,г,127
текила,стакан,281
телятина,по вкусу,264
телятина вареная,г,329
телячий фарш,г,124
телячьи отбивные на косточке,шт.,83
телячьи шницели,шт.,148
телячьи эскалопы,г,112
телячья вырезка,г,128
телячья печень,г,139
телячья щека,шт.,97
тесто бездрожжевое,г,293
тесто готовое,г,158
тесто для вонтонов,г,296
тесто для пиццы,шт.,123
тесто дрожжевое,по вкусу,242
тесто катаифи,г,258
тесто макаронное,г,155
тесто макаронное для лазаньи,г,261
тесто пельменное,г,252
тесто песочное,по вкусу,310
тесто пресное,г,276
тесто пряничное,г,255
тесто слоеное,г,219
тесто слоеное бездрожжевое,по вкусу,85
тесто слоеное дрожжевое,кг,185
тесто фило,г,237
тилапия,г,155
тилапия филе,г,205
тильзитер,г,306
тимьян,горсть,230
тимьян лимонный,веточка,165
тимьян свежий,по вкусу,317
тимьян сушеный,г,310
ткемали,г,327
тмин,г,101
тмин молотый,г,290
томатная паста,г,149
томатное пюре,г,179
томатный концентрат,г,244
томатный порошок,г,138
томатный сок,г,155
томатный соус,г,85
томатный соус итальянский,г,268
томатный соус острый,г,332
томатный соус с базиликом,г,134
тоник,бутылка,283
топинамбур,г,336
топленое масло,г,179
тортильи,по вкусу,179
тортильони,г,299
тофу,г,215
травы ароматные,г,179
травы пряные с перцем,ч. л.,338
травы сухие,г,141
треска,г,325
треска печень,г,252
треска филе,г,81
трюфель,г,176
трюфельная крошка,г,147
трюфельное масло,ст. л.,157
трюфель черный,шт.,186
тунец,по вкусу,144
тунец консервированный,г,249
тунец филе,г,330
тушенка,г,145
тыква,г,93
тыквенное масло,шт.,281
тыквенное пюре,г,319
тыквенные семечки,г,260
тюлька свежая,г,136
угорь,г,87
угорь копченый,г,287
угурт,г,83
укроп,г,137
укропное семя,ч. л.,285
укроп свежий,г,337
укроп сушеный,г,86
уксус,г,235
уксус 9%,г,275
уксус из сидра,ст. л.,297
уксусная эссенция,г,255
уксус столовый,г,121
улитки,г,185
улитки виноградные,шт.,225
урюк,г,324
устрицы,г,93
утиная грудка,г,315
утиная печень,г,184
утиное филе,г,289
утиные бедрышки,г,97
утиные ножки,по вкусу,270
утка,по вкусу,236
утка печеная,г,295
утка тушка,тушка,271
уцхо-сунели,г,159
фазан,г,221
фарш (баранина и говядина),г,279
фарш (свинина и курица),г,158
фасоль,г,287
фасоль белая,г,142
фасоль белая консервированная,г,168
фасоль белая лима,г,123
фасоль зеленая стручковая,г,302
фасоль кенийская,горсть,288
фасоль кидни красная,г,250
фасоль консервированная,г,246
фасоль красная,г,105
фасоль красная вареная,стакан,238
фасоль красная консервированная,г,345
фасоль молодая замороженная,г,126
фасоль пинто,г,124
фасоль спаржевая вареная,г,309
фасоль стручковая,г,235
фасоль стручковая замороженная,г,208
фасоль стручковая консервированная,г,252
фасоль черный глаз,г,147
фейхоа,г,280
фенхель,г,117
фенхель семена,г,190
фенхель семена молотые,г,264
фестонате,г,115
фета,г,257
фетаки,г,131
фетакса,г,83
феттучине,г,214
фиалки засахаренные,шт.,348
фиалковый сироп,г,106
физалис,по вкусу,179
филе красного окуня,шт.,307
филе лосося,г,200
филе палтуса,шт.,115
финики,г,195
финики без косточек,стакан,320
финики иранские,г,229
финики иранские без косточек,шт.,153
фисташки,г,181
фисташки очищенные,г,238
фисташки очищенные несоленые,горсть,283
фисташки рубленые,г,85
фисташковая мука,г,131
фисташковая паста,г,154
фисташковое масло,г,195
фокачча,по вкусу,255
форель,г,119
форель вареная,г,90
форель горячего копчения,г,263
форель озерная свежая,шт.,288
форель слабосоленая,г,221
форель стейки,шт.,261
форель филе,г,321
форель холодного копчения,г,123
фрикадельки,г,253
фрукт дракона,шт.,249
фруктовый сироп,г,144
фруктовый сок,г,101
фруктовый сок без сахара,стакан,205
фруктоза,г,256
фрукты,г,335
фрукты консервированные,г,322
фундук,г,257
фундучная мука,г,303
фунчоза,г,229
халва,г,82
халва ванильная,г,275
халва подсолнечная,г,252
халуми,г,119
хамон,г,195
хек,г,100
хек филе,г,309
херес,стакан,318
хересный уксус,ч. л.,304
хлеб,г,199
хлеб 7 злаков,батон,281
хлеб белый,г,338
хлеб белый сухой,г,309
хлеб бородинский,кусок,191
хлеб датский ржаной,г,344
хлеб для сэндвичей,г,296
хлебная крошка,г,327
хлеб ржаной,г,221
хлеб серый,г,171
хлеб с кунжутом,кусок,183
хлеб цельнозерновой,г,271
хлебцы пшенично-ржаные цельнозерновые,г,120
хлопья 4 злака,г,134
хлопья 5 злаков,г,241
хлопья 7 злаков,ст. л.,162
хлопья быстрого приготовления,стакан,210
хлорид кальция,г,336
хмели-сунели,г,250
хмель,ст. л.,135
хрен,г,152
хрен протертый,г,253
хрен со сливками,г,251
хурма,г,169
хурма спелая,г,119
цесарка тушка,г,140
цикорий,ч. л.,303
цитроновые цукаты,горсть,180
цитрусовые цукаты,шт.,285
цитрусовый свежевыжатый сок,мл,191
цукаты,г,307
цукини,г,298
цукини цветы,шт.,300
цыплята,г,164
цыплята-корнишоны,шт.,291
чабер,г,85
чабрец,г,339
чабрец сушеный,г,272
чай дарджилинг,пакетик,167
чай жасминовый,ст. л.,217
чай зеленый,пакетик,273
чай копченый лапсанг сушонг,г,178
чай красный,г,237
чай ройбуш,ст. л.,317
чай черный,г,227
чай черный крупнолистовой,ч. л.,140
чай черный со специями,пакет,138
чай эрл грей,стакан,288
чатни манго,г,99
чеддер,г,173
черемуха,г,225
черемуховая мука,г,156
черемша,г,289
черешневый джем,г,260
черешня,г,274
черешня консервированная без косточек,ст. л.,158
черная смородина,г,147
черника,г,345
черника замороженная,г,87
чернила каракатицы,г,266
черничный джем,стакан,291
чернослив,г,111
чернослив без косточек,г,217
чернослив вяленый,г,297
чернослив копченый без косточек,г,232
черносмородиновое варенье,г,117
черносмородиновый джем,г,349
чеснок,г,188
чеснок молодой,г,89
чеснок сушеный,г,196
чесночная соль,щепотка,218
чесночное масло,по вкусу,107
чесночный порошок,г,116
чечевица,г,184
чечевица вареная,ст. л.,94
чечевица зеленая,г,155
чечевица красная,г,200
чечил спагетти,г,164
чиабатта,кусок,84
чиа семена,г,312
чипотле молотый,щепотка,242
чипсы,г,275
чоризо,г,123
шалфей,г,305
шалфей свежий,пучок,311
шалфей сушеный,лист,175
шампанское,г,233
шампанское советское,стакан,291
шампанское сухое,ст. л.,119
шампиньоны,по вкусу,291
шампиньоны замороженные,г,89
шампиньоны консервированные,г,149
шампиньоны маринованные,г,285
шампиньоны свежие,г,147
шафран,г,93
шафран имеретинский,г,243
шафран молотый,ч. л.,162
шафран нити,шт.,343
шелковица,г,321
шелковица сушеная,г,287
шиповник,г,151
шиповниковый сироп,г,234
шнапс,г,113
шнитт-лук,стебель,87
шоколад,г,328
шоколад белый,г,81
шоколад горький с апельсиновой цедрой,г,328
шоколад молочный,г,143
шоколад мятный,г,191
шоколадная паста,г,275
шоколадная стружка,г,171
шоколадное масло,г,124
шоколадно-ореховая паста,г,239
шоколадные горошины,г,242
шоколадные капли,г,111
шоколадные капли белые,г,124
шоколадные конфеты,г,125
шоколадные хлопья,г,221
шоколадные шарики из готовых завтраков,горсть,159
шоколадный ликер,г,324
шоколадный сироп,г,223
шоколадный соус,г,301
шоколад полусладкий,г,330
шоколад с орехами,г,102
шоколад черный горький,г,87
шоколад черный горький 70%,г,205
шоколад черный горький 75%,ч. л.,253
шоколад черный горький 85%,г,284
шортенинг,стакан,295
шпик,шт.,219
шпик копченый,г,264
шпинат,г,162
шпинат замороженный,г,248
шпинат молодой,г,125
шпинат свежий,г,329
шпроты,г,140
шпроты в масле,г,186
шрот,г,146
щавель замороженный,г,319
щавель свежий,веточка,271
щука,г,209
щука филе,г,119
эгг-ног,стакан,308
эдам,г,313
эль,мл,230
эмменталь,г,211
эскалоп,г,232
эстрагон,г,305
эстрагон сушеный,веточка,185
яблоки,г,223
яблоки антоновка,кг,83
яблоки гала,г,89
яблоки голден,г,242
яблоки гренни смит,кг,142
яблоки зеленые,г,320
яблоки красные,шт.,291
яблоки моченые,шт.,116
яблоки нетвердых сортов,г,162
яблоки сладкие,г,227
яблоки сушеные,г,125
яблочная эссенция,ч. л.,212
яблочное варенье,г,152
яблочное повидло,г,190
яблочное пюре,г,228
яблочные чипсы,стакан,209
яблочный джем,г,174
яблочный сироп,ст. л.,162
яблочный сок,г,299
яблочный соус,ст. л.,94
яблочный уксус,г,157
ягнятина,г,146
ягнятина кострец,г,104
ягнятина фарш,г,249
ягнячьи отбивные на косточке,шт.,276
ягнячья голень нарубленная,г,136
ягнячья корейка,г,179
ягодное варенье,ст. л.,120
ягодное желе,г,231
ягодный сироп,г,192
ягодный сок,г,179
ягодный соус кислый,г,122
ягоды,г,287
ягоды вяленые,по вкусу,249
ягоды замороженные,г,343
ягоды лесные,г,327
ягоды лесные замороженные,г,330
яичные белки,г,312
яичные желтки,г,292
яичные желтки вареные,шт.,304
яичные желтки крупные,г,105
яичный меланж,г,253
яичный порошок,ст. л.,111
яйца куриные,г,338
яйца куриные крупные,г,130
яйца перепелиные,г,313
японская крошка панко,г,191
ячменные хлопья,г,337
ячмень,г,85
ячневая крупа,г,231
